_ID,_VALUE,Name_10:string[],Name_11:string[],Name_11_CNT:string[],Name_11_EN:string[],Name_11_TH:string[],Name_11_KR:string[],Name_20:string[],Name_21:string[],Name_21_CNT:string[],Name_21_EN:string[],Name_21_TH:string[],Name_21_KR:string[]
ROBOT_NAME,1,xoxo,颜色那么淡,顏色那麼淡,Aaron,Aaron,가공한,Dai,8,8,Aaliyah,Aaliyah,가고일
,,Xavier,关于你的歌,關於你的歌,Abdul,Abdul,가까운,Dales,66,66,Aarushi,Aarushi,갈리온
,,XPiano,一滴泪,一滴淚,Abe,Abe,가난한,Diane.,88,88,Abagail,Abagail,갈퀴뿔
,,worryabout,再見過去,再見過去,Abel,Abel,가냘픈,Dap,23,23,Abbey,Abbey,개미알
,,WonderBoy,沉默说不痛,沉默說不痛,Abraham,Abraham,가득한,Dol,24,24,Abbi,Abbi,거북이
,,Whoheart,小乖,小乖,Abram,Abram,가벼운,Dom,33,33,Abbie,Abbie,고드름
,,WhiteIn,香远,香遠,Adalberto,Adalberto,가엾은,Don,1,1,Abby,Abby,고렘
,,what,丽影,麗影,Adam,Adam,가파른,Dora,Go,Go,Abi,Abi,고블린
,,WeAreOne,丫头,丫頭,Adan,Adan,간단한,Ed,X,X,Abia,Abia,고우트
,,Waiting,阿木,阿木,Adolfo,Adolfo,간사한,Eden,zzz,zzz,Abigail,Abigail,곰인형
,,VIP,银铃,銀鈴,Adolph,Adolph,간편한,Edith,Z,Z,Abree,Abree,구미호
,,Verycold,小芳,小芳,Adrian,Adrian,감사한,Eil,J,J,Abrianna,Abrianna,그렘린
,,uperficial,芳芳,芳芳,Agustin,Agustin,갑갑한,Elaine,K,K,Abrielle,Abrielle,그로브
,,Unlock now,小八,小八,Ahmad,Ahmad,강력한,Eliza,V,V,Aby,Aby,그리슬
,,TroubleFriend,八酱,八醬,Ahmed,Ahmed,강렬한,Ella,萌,萌,Acacia,Acacia,그리폰
,,Tristeanima,喵酱,喵醬,Al,Al,거대한,Ellen,冷,冷,Ada,Ada,나사린
,,Triste,小笨蛋,小笨蛋,Alan,Alan,거뜬한,Elma,皇族,皇族,Adalia,Adalia,노란풀
,,Too ha,丹尼丝,丹尼絲,Albert,Albert,거짓된,Elsa,古墓,古墓,Adaline,Adaline,노버스
,,Tired,燕尾蝶,燕尾蝶,Alberto,Alberto,거칠은,Ethel,莎,莎,Adalyn,Adalyn,눈토끼
,,Thesupreme,姑娘,姑娘,Alden,Alden,건강한,Eud,洛,洛,Addie,Addie,데니로
,,Tenderness,小妞,小妞,Aldo,Aldo,건방진,Eunice,专属,專屬,Addilyn,Addilyn,데빌링
,,Tenderne,小小,小小,Alec,Alec,건전한,Eve,完美,完美,Addison,Addison,데이빗
,,TellMeWhy,玲玲,玲玲,Alejandro,Alejandro,건조한,Faith,冰激凌,冰激凌,Adelaide,Adelaide,도깨비
,,TearsIllusion,啊绫,啊綾,Allexia,Allexia,걸쭉한,Fan,红尘,紅塵,Adele,Adele,도로루
,,Sweet,美人,美人,Alexander,Alexander,게으른,Flo,经典,經典,Adelene,Adelene,듀라한
,,SUPERman,妖精,妖精,Allexis,Allexis,경박한,Flora,回忆,回憶,Adelia,Adelia,드라코
,,Superficia,娜娜,娜娜,Alfonso,Alfonso,고달픈,Fran,独恋,獨戀,Adelina,Adelina,드릴러
,,sunshine,小娜,小娜,Alfonzo,Alfonzo,고마운,Fred,传说,傳說,Adeline,Adeline,디미크
,,sunset,莎,莎,Alfred,Alfred,고상한,Freda,可爱,可愛,Adelynn,Adelynn,디와이
,,sunbeam,小鱼,小魚,Alfredo,Alfredo,고소한,Gab,单身,單身,Adison,Adison,디이터
,,summer,潇雨,瀟雨,Alibar,Alibar,고약한,Gail,恋,戀,Adora,Adora,디타르
,,style,玄子,玄子,Allan,Allan,고요한,Gem,千语,千語,Adreanna,Adreanna,딜리터
,,stonger,国宝,國寶,Allen,Allen,고정한,Geo,午夜,午夜,Adriana,Adriana,따따초
,,Start,熊猫,熊貓,Alonso,Alonso,곤란한,Ger,倾城,傾城,Adrianna,Adrianna,라우렐
,,Somnus,蕊,蕊,Alonzo,Alonzo,공부한,Gill,卑弥呼,卑彌呼,Adrianne,Adrianne,라이언
,,solearn,小蕊,小蕊,Alphonse,Alphonse,공정한,Gwen,彩虹,彩虹,Adrienne,Adrienne,랩티스
,,Smile,七夜,七夜,Alphonso,Alphonso,공평한,Han,演绎,演繹,Ady,Ady,레글러
,,sink,笑笑,笑笑,Alton,Alton,괜찮은,Harriet,司马,司馬,Aerona,Aerona,레이쓰
,,Simple,泪,淚,Alva,Alva,괴로운,Haz,纳兰,納蘭,Aeryn,Aeryn,레퀴엠
,,silent,星星,星星,Alvaro,Alvaro,괴이한,Hea,自由,自由,Agatha,Agatha,로우윈
,,ShowTime,淑女,淑女,Alvin,Alvin,굉장한,Hed,浪漫,浪漫,Aggie,Aggie,루나틱
,,SHOOT,梦,夢,Amado,Amado,교만한,Hel?,守护,守護,Agnes,Agnes,루이스
,,ShisaN,小梦,小夢,Ambrose,Ambrose,교묘한,Her,华丽,華麗,Aida,Aida,리무버
,,sh,晓梦,曉夢,Amos,Amos,구석진,Hil,王者,王者,Aileen,Aileen,리비오
,,Scotland,茉莉,茉莉,Anderson,Anderson,구수한,Ivy,左岸,左岸,Ailsa,Ailsa,리프캣
,,Sakit,牡丹,牡丹,Andre,Andre,궁금한,Jam,阿尔,阿爾,Aimee,Aimee,마르스
,,Sadnes,姗姗,姍姍,Andrea.,Andrea.,궁핍한,Jane,挚爱,摯愛,Aine,Aine,마르크
,,Sadp,小珊,小珊,Andreas,Andreas,귀여운,Jess,妖娆,妖嬈,Ainsleigh,Ainsleigh,마르틴
,,rostiute,天使,天使,Andres,Andres,귀중한,Jill,天道,天道,Ainsley,Ainsley,마리나
,,ROsE,咪咪,咪咪,Andrew,Andrew,귀찮은,Jo,红人,紅人,Aisha,Aisha,마브카
,,Roaming,蜜蜜,蜜蜜,Andy,Andy,그리는,Joan,笑傲,笑傲,Aislin,Aislin,맨티스
,,RIse,小蜜,小蜜,Angelkzz,Angelkzz,그리운,Juli,神圣,神聖,Aisling,Aisling,메두사
,,Review,小秘,小秘,Angelo,Angelo,극명한,Juliet,大爱,大愛,Aislinn,Aislinn,메탈링
,,Return,莫莫,莫莫,Anibal,Anibal,극악한,Kama,天使,天使,Aislynn,Aislynn,메틀러
,,Resign,沫沫,沫沫,Anthony,Anthony,극진한,Karen,温柔,溫柔,Alaina,Alaina,모로크
,,Reminisce,么么,麼麼,Antione,Antione,급박한,Kay,灵魂,靈魂,Alana,Alana,미네랄
,,Really,猫猫,貓貓,Antoine,Antoine,급조한,Kelly,无情,無情,Alanis,Alanis,미스트
,,Rainbow,美子,美子,Anton,Anton,기괴한,Kimber,潇洒,瀟灑,Alanna,Alanna,미이라
,,rain,雯雯,雯雯,Antone,Antone,기다란,Kitty,无忧,無憂,Alannah,Alannah,바소리
,,Queen,小雯,小雯,Altonia,Altonia,기막힌,Kris,繁华,繁華,Alaska,Alaska,백련옥
,,Qing,晓雯,曉雯,Antonio,Antonio,기민한,Lau,柔情,柔情,Alayah,Alayah,백소진
,,Provence,乐乐,樂樂,Antony,Antony,기발한,Laur,绝版,絕版,Alayna,Alayna,베나투
,,proven,小仙,小仙,Antwan,Antwan,기절한,Lauren,寂寞,寂寞,Alba,Alba,베릿트
,,ProudQueen,仙儿,仙兒,Archie,Archie,깔끔한,Lin,幻想,幻想,Albany,Albany,벤투스
,,Promise,格格,格格,Ardena,Ardena,깜깜한,Lind,旋律,旋律,Alberta,Alberta,뵤르그
,,persisten,倩倩,倩倩,Ariell,Ariell,깨끗한,Lisa,优雅,優雅,Albertina,Albertina,비타타
,,Paranoid,小茜,小茜,Arlen,Arlen,껄렁한,Liz,精彩,精彩,Aleah,Aleah,비홀더
,,pain,小倩,小倩,Arlie,Arlie,꼼꼼한,Loui,辉煌,輝煌,Alecia,Alecia,빨간풀
,,orvR,公主,公主,Armand,Armand,꾸준한,Lucy,荣耀,榮耀,Aleisha,Aleisha,샌드맨
,,Only,小诺,小諾,Armando,Armando,끔찍한,Lyd?,梦之,夢之,Alejandra,Alejandra,생도목
,,OneLife,小,小,Arnold,Arnold,끝없는,Lynn,寻梦,尋夢,Alena,Alena,세비지
,,OLdSumme,多多,多多,Arnoldo,Arnoldo,나약한,Mab,精英,精英,Alessandra,Alessandra,세이렌
,,NotStingy,汐,汐,Arnulfo,Arnulfo,나태한,Maggie,永恒,永恆,Alessia,Alessia,솔리더
,,Nostalgia,羊羊,羊羊,Aron,Aron,난해한,Mamie,记忆,記憶,Alex,Alex,스모키
,,nirvana,鬼鬼,鬼鬼,Arron,Arron,날씬한,,伤心,傷心,Alexa,Alexa,스위치
,,Moment,小鬼,小鬼,Art,Art,남루한,,迷糊,迷糊,Alexandra,Alexandra,스코글
,,Memory,琪琪,琪琪,Arthur,Arthur,낯설은,,善良,善良,Alexandria,Alexandria,스태포
,,Melony,小姐,小姐,Arturo,Arturo,냉랭한,,安,安,Alexia,Alexia,스템웜
,,Melody,雪舞,雪舞,Asa,Asa,넉넉한,,比利,比利,Alexis,Alexis,스티븐
,,MdENY,心儿,心兒,Ashleyia,Ashleyia,널따란,,琼斯,瓊斯,Alexus,Alexus,스포아
,,Mascara,欣儿,欣兒,Aubreyia,Aubreyia,네모난,,卡尔,卡爾,Ali,Ali,슬리퍼
,,Mars,馨儿,馨兒,August,August,노래한,,查理,查理,Alia,Alia,시노비
,,Manjusaka,小静,小靜,Augustine,Augustine,놀라운,,嘉利,嘉利,Aliana,Aliana,시로마
,,Manipula,虹虹,虹虹,Augustus,Augustus,눅눅한,,丘奇,丘奇,Alice,Alice,시호스
,,man,傲雪,傲雪,Aurelio,Aurelio,눈부신,,丹,丹,Alicia,Alicia,신룡
,,LOVE,扶子,扶子,Austin,Austin,늘씬한,,杜威,杜威,Alina,Alina,아가브
,,Looking,素素,素素,Avery.,Avery.,다감한,,迪克,迪克,Alisa,Alisa,아그니
,,lnternet,雨滴,雨滴,Barney,Barney,다양한,,道尔,道爾,Alisha,Alisha,아르히
,,Lifetrut,迪丽雅,迪麗雅,Barrett,Barrett,다정한,,盖伊,蓋伊,Alison,Alison,아몬라
,,Liberation,诺拉,諾拉,Barry,Barry,단단한,,娜,娜,Alissa,Alissa,아쿠아
,,Liar,迪得莉,迪得莉,Bart,Bart,단순한,,休,休,Alivia,Alivia,아크담
,,Layomety,小夏,小夏,Barton,Barton,단정한,,伊凡,伊凡,Aliyah,Aliyah,암무트
,,kiyomi,小嫣,小嫣,Basil,Basil,달리는,,乔,喬,Aliza,Aliza,앙드레
,,KissLover,语嫣,語嫣,Beau,Beau,달콤한,,梅,梅,Alize,Alize,앨리스
,,Karry,天涯,天涯,Ben,Ben,담담한,,小强,小強,Alka,Alka,어절터
,,Jeperdre,阿欣,阿欣,Benedict,Benedict,담대한,,头领,頭領,Allie,Allie,에기라
,,Invader,青青,青青,Benito,Benito,담백한,,王子,王子,Allison,Allison,에드가
,,Ing,大白,大白,Benjamin,Benjamin,답답한,,骑士,騎士,Ally,Ally,에스터
,,Infante,小白,小白,Bennett,Bennett,당기는,,帅帅,帥帥,Allyson,Allyson,에이라
,,Lonely,白白,白白,Bennie,Bennie,당당한,,小帅,小帥,Alma,Alma,에키오
,,Hume24,樱花,櫻花,Benny,Benny,당연한,,绅士,紳士,Alondra,Alondra,엔젤링
,,HeyGirl,梧桐,梧桐,Benton,Benton,대견한,,鸣人,鳴人,Alya,Alya,엘리셀
,,HereIam,月影,月影,Bernard,Bernard,대단한,,卡卡西,卡卡西,Alycia,Alycia,엘리스
,,Hello,小花,小花,Bernardo,Bernardo,대범함,,一户,一戶,Alyshialynn,Alyshialynn,엘리엇
,,Heartbeat,小兔,小兔,Bernie,Bernie,던지는,,小墨,小墨,Alyson,Alyson,엘리자
,,HeartAtt,蘑菇,蘑菇,Berry,Berry,도도한,,墨尘,墨塵,Alyssa,Alyssa,오본느
,,Heart,小丫,小丫,Bert,Bert,독특한,,小林,小林,Alysse,Alysse,요선녀
,,Havebeen,晨曦,晨曦,Bertram,Bertram,돌진한,,悟空,悟空,Alyssia,Alyssia,우마왕
,,Graduate,如梦,如夢,Bill,Bill,동그란,,小傻瓜,小傻瓜,Amalia,Amalia,우자스
,,Gongon,囡囡,囡囡,Billie.,Billie.,동일한,,小雨,小雨,Amanda,Amanda,운악선
,,Goaway,海棠,海棠,Billy,Billy,두꺼운,,小宇,小宇,Amandine,Amandine,월야화
,,GluTtoNy,婷婷,婷婷,Blaine,Blaine,두려운,,小羽,小羽,Amani,Amani,웜테일
,,Gloaming,嘟嘟,嘟嘟,Blair.,Blair.,둥그런,,小渔,小漁,Amara,Amara,위레스
,,Gentle,兔兔,兔兔,Blake.,Blake.,둥글은,,小煜,小煜,Amari,Amari,위스퍼
,,Fusheng,糖糖,糖糖,Bo,Bo,뒤늦은,,潇雨,瀟雨,Amaris,Amaris,윌로우
,,FullVersion,三月,三月,Bob,Bob,드넓은,,小瑜,小瑜,Amaryllis,Amaryllis,이렌드
,,Forgotten,风铃,風鈴,Bobbie.,Bobbie.,드물은,,晓宇,曉宇,Amaya,Amaya,이루가
,,Forevil,落落,落落,Bobby.,Bobby.,등교한,,小禹,小禹,Amber,Amber,이시스
,,Forever,薇薇安,薇薇安,Booker,Booker,따뜻한,,豆包,豆包,Amberly,Amberly,이실라
,,follow,罂粟,罌粟,Boris,Boris,따스한,,包子,包子,Amberlyn,Amberlyn,이아라
,,Female,妮子,妮子,Boyce,Boyce,딱딱한,,豆浆,豆漿,Amelia,Amelia,자쿠담
,,Fairy,丹丹,丹丹,Boyd,Boyd,때늦은,,志伟,志偉,Amelie,Amelie,재규어
,,EXO,一一,一一,Brad,Brad,때리는,,小辉,小輝,America,America,저파룡
,,Existence,糖果,糖果,Bradford,Bradford,떠있는,,小二,小二,Amethyst,Amethyst,제노크
,,Excuses,菲菲,菲菲,Bradley,Bradley,똑같은,,瑞,瑞,Ami,Ami,제미니
,,Everylove,羽毛,羽毛,Bradly,Bradly,똑똑한,,小瑞,小瑞,Amie,Amie,지벳트
,,Eternally,萝莉,蘿莉,Brady,Brady,뚱뚱한,,墨墨,墨墨,Amily,Amily,체펫트
,,Esposo,落雪,落雪,Brain,Brain,뛰어난,,阿修罗,阿修羅,Amina,Amina,초록풀
,,escape,花飞,花飛,Branden,Branden,뜨거운,,匪徒,匪徒,Amirah,Amirah,카라멜
,,Enteral,暗香,暗香,Brandon,Brandon,마땅한,,花满楼,花滿樓,Amity,Amity,카라야
,,Enronsad,夏天,夏天,Brant,Brant,마시는,,神气,神氣,Amy,Amy,카바크
,,Enchanting,小妖,小妖,Brendan,Brendan,막다른,,先生,先生,Amya,Amya,코볼트
,,Emptycity,淡淡,淡淡,Brendon,Brendon,만만한,,浪子,浪子,Ana,Ana,콘도르
,,empty,浅浅,淺淺,Brent,Brent,만족한,,空空,空空,Anabel,Anabel,쿠블린
,,Emotiona,小可,小可,Brenton,Brenton,말랑한,,卡卡,卡卡,Anabelle,Anabelle,쿠크레
,,Eason,桃子,桃子,Bret,Bret,말리는,,清景,清景,Anahi,Anahi,쿠흘린
,,Dreamland,香香,香香,Brett,Brett,맛있는,,晓林,曉林,Anais,Anais,크라벤
,,dreamer,小七,小七,Brian,Brian,매정한,,庆,慶,Anamaria,Anamaria,크램프
,,dream,漫漫,漫漫,Brice,Brice,멋있는,,阿信,阿信,Ananya,Ananya,크리미
,,Distance,华莉丝,華莉絲,Britt,Britt,메마른,,波特,波特,Anastasia,Anastasia,클라라
,,Dior,旺妲,旺妲,Brock,Brock,명랑한,,草雉,草雉,Andie,Andie,키메라
,,Devilo,温妮,溫妮,Broderick,Broderick,명철한,,巴神,巴神,Andrea,Andrea,타로우
,,Detained,芝妮雅,芝妮雅,Brooks,Brooks,명쾌한,,笨笨,笨笨,Andromeda,Andromeda,탐루안
,,desolate,伊芳,伊芳,Bruce,Bruce,명확한,,飞飞,飛飛,Anemone,Anemone,테일핑
,,DeJaVu,莎拉,莎拉,Bruno,Bruno,못생긴,,浮云,浮雲,Angelk,Angelk,티에리
,,Curtain,若娜,若娜,Bryan,Bryan,묘연한,,仙人,仙人,Angela,Angela,파나트
,,Crazy,席梦娜,席夢娜,Bryant,Bryant,무거운,,东东,東東,Angelia,Angelia,파라오
,,cowardly,苏菲亚,蘇菲亞,Bryce,Bryce,무난한,,天宇,天宇,Angelica,Angelica,파란풀
,,Charm,丝柏凌,絲柏凌,Bryon,Bryon,무능한,,灰狼,灰狼,Angelina,Angelina,파루스
,,Chafferer,苏珊娜,蘇珊娜,Buck,Buck,무더운,,光光,光光,Angeline,Angeline,파브르
,,Carcrashes ,苏西,蘇西,Bud,Bud,무리한,,阳阳,陽陽,Angelique,Angelique,파사나
,,Camouflage,苏珊,蘇珊,Buddy,Buddy,무사한,,冷风,冷風,Angie,Angie,파올로
,,Callous,泰贝莎,泰貝莎,Buford,Buford,무서운,,竹子,竹子,Anika,Anika,퍼머터
,,bury,泰蜜,泰蜜,Burl,Burl,무식한,,牙牙,牙牙,Anisa,Anisa,페러스
,,Broken,特莉萨,特莉薩,Burt,Burt,무심한,,小神,小神,Anissa,Anissa,페스트
,,Breath,泰丝,泰絲,Burton,Burton,무정한,,泡泡,泡泡,Anita,Anita,포포링
,,Boy,席拉,席拉,Buster,Buster,물렁한,,战神,戰神,Aniya,Aniya,푸어링
,,Bound,泰莉萨,泰莉薩,Byron,Byron,미련한,,使者,使者,Aniyah,Aniyah,프랭크
,,Bombastic,蒂法尼,蒂法尼,Caleb,Caleb,미미한,,小龙,小龍,Anjali,Anjali,프루스
,,bombasti,翠西,翠西,Calvin,Calvin,미안한,,胖胖,胖胖,Ann,Ann,프리저
,,?BLUE 16,翠丝特,翠絲特,Cameron.,Cameron.,미약한,,闹闹,鬧鬧,Anna,Anna,플로라
,,BlackInte,杜达,杜達,Carey,Carey,미흡한,,毛毛,毛毛,Annabel,Annabel,피나카
,,black,优拉,優拉,Carl,Carl,밍밍한,,大飞,大飛,Annabella,Annabella,피에르
,,bigbang,优娜,優娜,Carlo,Carlo,박식한,,皇帝,皇帝,Annabelle,Annabelle,필리르
,,Better me,厄休拉,厄休拉,Carlos,Carlos,반가운,,春哥,春哥,Annabeth,Annabeth,하얀풀
,,Believe,瓦勒莉,瓦勒莉,Carlton,Carlton,반반한,,酷酷,酷酷,Annalisa,Annalisa,하워드
,,beast,维娜,維娜,Carmelo,Carmelo,밤늦은,,圈圈,圈圈,Annalise,Annalise,헬푸들
,,BadGirl,潘妮,潘妮,Carmen.,Carmen.,배고픈,,麦兜,麥兜,Annamaria,Annamaria,혈호접
,,autumn,菲莉帕,菲莉帕,Carmine,Carmine,배부른,,熊熊,熊熊,AnneAnneke,AnneAnneke,휴즐링
,,Autism,菲碧,菲碧,Carol.,Carol.,별다른,,夜夜,夜夜,Annemarie,Annemarie,흑사왕
,,Asbefore,菲丽丝,菲麗絲,Carrol,Carrol,보드란,,麒麟,麒麟,Annette,Annette,히드라
,,Apologize,珀莉,珀莉,Carroll,Carroll,보람찬,,苍穹,蒼穹,AnnieAnnika,AnnieAnnika,히요리
,,Aomr,波比,波比,Carson,Carson,보송한,,阿萨,阿薩,Annmarie,Annmarie,힐윈드
,,Animai,普莉玛,普莉瑪,Carter.,Carter.,복잡한,,贝齐,貝齊,Anoushka,Anoushka,에이스
,,Angel,昆娜,昆娜,Cary,Cary,볼록한,,贝蒂,貝蒂,Anthea,Anthea,아돌프
,,anesthesia,昆蒂娜,昆蒂娜,Casey.,Casey.,부당한,,布莱兹,布萊茲,Antoinette,Antoinette,아도라
,,Alwayshere,瑞琪儿,瑞琪兒,Cecil,Cecil,부러운,,布鲁克,布魯克,Antonia,Antonia,아가타
,,Allofyou,瑞伊,瑞伊,Cedric,Cedric,부족한,,夏洛特,夏洛特,Anuja,Anuja,아이다
,,Ailian,蕾娜塔,蕾娜塔,Cedrick,Cedrick,분명한,,谢里尔,謝里爾,Anusha,Anusha,앨리쉬
,,Abbyi,蕾妮,蕾妮,Cesar,Cesar,분방한,,克莱拉,克萊拉,Anushka,Anushka,애이미
,,Amonologue,莉达,莉達,Chad,Chad,분주한,,德博拉,德博拉,Anwen,Anwen,앨버트
,,94Aiyouwe,莉娃,莉娃,Chadwick,Chadwick,불리한,,多拉,多拉,Anya,Anya,앨비노
,,2Amor,罗丝,羅絲,Chance,Chance,불쌍한,,伊甸,伊甸,Aoibhe,Aoibhe,알렉스
,,Collapse,罗克珊,羅克珊,Chang,Chang,불안한,,伊迪丝,伊迪絲,Aoibheann,Aoibheann,앨리카
,,Roar,露比,露比,Charles,Charles,불편한,,艾伦,艾倫,Aoie,Aoie,앨리슨
,,Thorns,莎莉,莎莉,Charley.,Charley.,불행한,,费滋,費滋,Aphrodite,Aphrodite,알로하
,,,莎洛姆,莎洛姆,Charlie.,Charlie.,비슷한,,弗莉达,弗莉達,Apple,Apple,앨리사
,,,莎曼撤,莎曼撤,Chas,Chas,빛나는,,乔治亚,喬治亞,April,April,아만다
,,,珊多拉,珊多拉,Chase,Chase,뻔뻔한,,吉榭尔,吉榭爾,Aqua,Aqua,아모스
,,,仙蒂,仙蒂,Chauncey,Chauncey,뼈저린,,汉纳,漢納,Arabella,Arabella,에이미
,,,赛拉,賽拉,Chester,Chester,뾰족한,,赫达,赫達,Arabelle,Arabelle,안드라
,,,萨琳娜,薩琳娜,Chet,Chet,사소한,,海伦,海倫,Arden,Arden,앤드류
,,,沙伦,沙倫,Chi,Chi,산뜻한,,埃达,埃達,Aretha,Aretha,앤젤라
,,,希拉,希拉,Chong,Chong,상냥한,,艾尔玛,艾爾瑪,Aria,Aria,애니카
,,,雪莉,雪莉,Chris.,Chris.,상당한,,希伯来,希伯來,Ariadne,Ariadne,안토니
,,,希贝儿,希貝兒,Christian,Christian,상쾌한,,乔伊,喬伊,Ariana,Ariana,아폴로
,,,玛拉,瑪拉,Christoper,Christoper,새까만,,乔伊斯,喬伊斯,Ariane,Ariane,아리아
,,,蜜尔娜,蜜爾娜,Christopher,Christopher,새로운,,朱恩,朱恩,Arianna,Arianna,아리엘
,,,南希,南希,Chuck,Chuck,새빨간,,卡玛,卡瑪,Arianne,Arianne,아놀드
,,,娜娥迷,娜娥迷,Chung,Chung,새콤한,,吉蒂,吉蒂,Ariel,Ariel,아비드
,,,纳塔利,納塔利,Clairs,Clairs,색다른,,罗瑞尔,羅瑞爾,Ariella,Ariella,애쉴리
,,,内丽,內麗,Clarence,Clarence,서늘한,,罗伦,羅倫,Arielle,Arielle,아스터
,,,妮可,妮可,Clark,Clark,서투른,,盖尔,蓋爾,Arin,Arin,아스틴
,,,妮可拉,妮可拉,Claud,Claud,선명한,,林赛,林賽,Arisha,Arisha,아테네
,,,妮娜,妮娜,Claude,Claude,섣부른,,洛兰,洛蘭,Arleen,Arleen,오드리
,,,诺维雅,諾維雅,Claudio,Claudio,섬뜩한,,穆得,穆得,Arlene,Arlene,오로라
,,,妮蒂亚,妮蒂亞,Clay,Clay,섬세한,,塞尔特,塞爾特,Arlette,Arlette,베일리
,,,欧尔佳,歐爾佳,Clayton,Clayton,섭섭한,,麦格,麥格,Artemis,Artemis,바바라
,,,奥丽芙,奧麗芙,Clement,Clement,성가신,,梅根,梅根,Arwen,Arwen,박스터
,,,佩格,佩格,Clemente,Clemente,성실한,,欧尔佳,歐爾佳,Arya,Arya,벨리타
,,,蓓姬,蓓姬,Cleo.,Cleo.,세련된,,波比,波比,Asha,Asha,벤자민
,,,帕梅拉,帕梅拉,Cletus,Cletus,소박한,,罗伯塔,羅伯塔,Ashanti,Ashanti,버니스
,,,潘多拉,潘多拉,Cleveland,Cleveland,소복한,,鲁思,魯思,Ashe,Ashe,비안나
,,,佩儿,佩兒,Cliff,Cliff,소소한,,丝柏凌,絲柏凌,Ashia,Ashia,비앙카
,,,玛丽,瑪麗,Clifford,Clifford,소중한,,丝特勒,絲特勒,Ashlee,Ashlee,비비안
,,,穆琳,穆琳,Clifton,Clifton,속상한,,托比,托比,Ashleigh,Ashleigh,블란치
,,,梅薇思,梅薇思,Clint,Clint,손쉬운,,厄休拉,厄休拉,Ashley,Ashley,블리스
,,,玛可欣,瑪可欣,Clinton,Clinton,솔직한,,维隆卡,維隆卡,Ashlie,Ashlie,블론디
,,,梅,梅,Clyde,Clyde,쇠약한,,维基,維基,Ashlyn,Ashlyn,보니타
,,,蒙莉萨,蒙莉薩,Cody,Cody,수많은,,维文,維文,Ashlynn,Ashlynn,보리스
,,,玛希,瑪希,Colby,Colby,수월한,,桑席,桑席,Ashton,Ashton,브렌더
,,,梅莉,梅莉,Cole,Cole,수줍은,,耶达,耶達,Ashtyn,Ashtyn,부르크
,,,米歇尔,米歇爾,Coleman,Coleman,순수한,,微笑,微笑,Ashvini,Ashvini,브루노
,,,蜜妮安,蜜妮安,Colin,Colin,순진한,,平凡,平凡,Asia,Asia,칼릭스
,,,穆得莉,穆得莉,Collin,Collin,시원한,,上帝,上帝,Asma,Asma,칼리아
,,,米兰达,米蘭達,Colton,Colton,신기한,,酱油,醬油,Aspen,Aspen,카밀라
,,,蜜莉恩,蜜莉恩,Columbus,Columbus,신나는,,颓废,頹廢,Aster,Aster,캔디스
,,,茉伊拉,茉伊拉,Connie.,Connie.,신중한,,黑色,黑色,Astoria,Astoria,카르멘
,,,梦娜,夢娜,Conrad,Conrad,심각한,,,,Astra,Astra,캐럴린
,,,莫妮卡,莫妮卡,Cordell,Cordell,심심한,,,,Astrid,Astrid,캐시디
,,,穆丽儿,穆麗兒,Corey.,Corey.,싱거운,,,,Athalia,Athalia,캐서린
,,,朱蒂,朱蒂,Cornelius,Cornelius,싱싱한,,,,Athena,Athena,셀리나
,,,朱莉娅,朱莉婭,Cornell,Cornell,싸늘한,,,,Athene,Athene,체이스
,,,朱莉,朱莉,Cortez,Cortez,쌩쌩한,,,,Atlanta,Atlanta,첼시아
,,,朱丽叶,朱麗葉,Cory,Cory,썰렁한,,,,Aubreanna,Aubreanna,클로에
,,,卡玛,卡瑪,Courtney.,Courtney.,쓰디쓴,,,,Aubree,Aubree,크리시
,,,凯伦,凱倫,Coy,Coy,쓸쓸한,,,,Aubrey,Aubrey,클레오
,,,凯莉,凱莉,Craig,Craig,씩씩한,,,,Aubriana,Aubriana,클레타
,,,金百莉,金百莉,Cristobal,Cristobal,아까운,,,,Aubrielle,Aubrielle,클리프
,,,吉蒂,吉蒂,Cristopher,Cristopher,아쉬운,,,,Auburn,Auburn,콘라드
,,,莉娜,莉娜,Cruz,Cruz,아찔한,,,,Audra,Audra,코트니
,,,丽莲,麗蓮,Curt,Curt,안쓰런,,,,Audrey,Audrey,코요테
,,,莉萨,莉薩,Curtis,Curtis,안전한,,,,Audriana,Audriana,크림슨
,,,莉斯,莉斯,Cyril,Cyril,알맞은,,,,Audrina,Audrina,데이지
,,,洛兰,洛蘭,Cyrus,Cyrus,암울한,,,,Augustina,Augustina,다니엘
,,,琳,琳,Dale.,Dale.,야근한,,,,Aura,Aura,데니엘
,,,玛佩尔,瑪佩爾,Dallas,Dallas,야무진,,,,Aurelia,Aurelia,다니카
,,,玛琪,瑪琪,Dalton,Dalton,얄미운,,,,Aurora,Aurora,다리아
,,,玛吉,瑪吉,Damian,Damian,어눌한,,,,Autumn.,Autumn.,다리오
,,,梅蜜,梅蜜,Damien,Damien,어두운,,,,Ava,Ava,데이브
,,,曼蒂,曼蒂,Damion,Damion,어려운,,,,Avaline,Avaline,더니즈
,,,玛西亚,瑪西亞,Damon,Damon,어색한,,,,Avalon,Avalon,데니스
,,,玛丽安,瑪麗安,Dan,Dan,억울한,,,,Avery,Avery,덱스터
,,,玛丽亚,瑪麗亞,Dana.,Dana.,언짢은,,,,Avia,Avia,디알로
,,,马丽娜,馬麗娜,Dane,Dane,얼큰한,,,,Avriella,Avriella,도널드
,,,玛乔丽,瑪喬麗,Danial,Danial,엄격한,,,,AvrilAya,AvrilAya,도리스
,,,马莎,馬莎,Daniel,Daniel,엄숙한,,,,Ayana,Ayana,도로시
,,,玛蒂娜,瑪蒂娜,Danilo,Danilo,엄중한,,,,Ayanna,Ayanna,더스틴
,,,汉纳,漢納,Dannie,Dannie,엄청난,,,,Ayesha,Ayesha,딜리스
,,,哈莉特,哈莉特,Danny,Danny,엉뚱한,,,,Ayisha,Ayisha,에보니
,,,赫瑟尔,赫瑟爾,Dante,Dante,엉성한,,,,Ayla,Ayla,에델린
,,,赫蒂,赫蒂,Darell,Darell,엉큼한,,,,Azalea,Azalea,에디스
,,,海伦,海倫,Daren,Daren,여전한,,,,Azaria,Azaria,에드윈
,,,希尔达,希爾達,Darin,Darin,영롱한,,,,Azariah,Azariah,아이린
,,,汉妮,漢妮,Dario,Dario,영원한,,,,Bailey,Bailey,엘도라
,,,艾娜,艾娜,Darius,Darius,오래된,,,,Barbara,Barbara,엘리샤
,,,艾琳,艾琳,Darnell,Darnell,오만한,,,,Barbie,Barbie,엘로이
,,,爱莉丝,愛莉絲,Daron,Daron,오붓한,,,,Bay,Bay,엘비스
,,,艾尔玛,艾爾瑪,Darrel,Darrel,올바른,,,,Baylee,Baylee,에밀리
,,,艾薇,艾薇,Darrell,Darrell,완고한,,,,Bea,Bea,에리카
,,,杰奎琳,杰奎琳,Darren,Darren,완벽한,,,,Beatrice,Beatrice,에리스
,,,婕咪,婕咪,Darrick,Darrick,완전한,,,,Beatrix,Beatrix,에로스
,,,珍,珍,Darrin,Darrin,외로운,,,,Becca,Becca,에스더
,,,珍妮特,珍妮特,Darron,Darron,요리한,,,,Beccy,Beccy,이벨린
,,,珍尼丝,珍尼絲,Darryl,Darryl,용감한,,,,Becky,Becky,페이스
,,,琴,琴,Darwin,Darwin,용맹한,,,,Belinda,Belinda,파비앙
,,,姬儿,姬兒,Daryl,Daryl,우둔한,,,,Bella,Bella,페도라
,,,乔,喬,Dave,Dave,우렁찬,,,,Bellatrix,Bellatrix,펠리체
,,,琼,瓊,David,David,우수한,,,,Belle,Belle,펠릭스
,,,阿芙拉,阿芙拉,Davis,Davis,우스운,,,,Benita,Benita,필리아
,,,阿加莎,阿加莎,Dean,Dean,우아한,,,,Berenice,Berenice,플레타
,,,艾丽斯,艾麗斯,Deandre,Deandre,우울한,,,,Bernadette,Bernadette,프리맨
,,,爱玛,愛瑪,Deangelo,Deangelo,원활한,,,,Bernice,Bernice,조프리
,,,阿尔娃,阿爾娃,Dee.,Dee.,웬만한,,,,Bertha,Bertha,조지아
,,,艾咪,艾咪,Del,Del,위급한,,,,Beryl,Beryl,제럴딘
,,,安妮,安妮,Delbert,Delbert,위대한,,,,Bess,Bess,길버트
,,,安娜,安娜,Delmar,Delmar,위험한,,,,Bessie,Bessie,헤일리
,,,艾谱莉,艾譜莉,Delmer,Delmer,유능한,,,,Beth,Beth,할로나
,,,艾琳娜,艾琳娜,Demarcus,Demarcus,유려한,,,,Bethan,Bethan,하모니
,,,阿西娜,阿西娜,Demetrius,Demetrius,유력한,,,,Bethanie,Bethanie,해럴드
,,,奥德丽,奧德麗,Denis,Denis,유리한,,,,Bethany,Bethany,헤이즐
,,,芭芭拉,芭芭拉,Dennis,Dennis,유명한,,,,Betsy,Betsy,헬리아
,,,贝琳达,貝琳達,Denny.,Denny.,유복한,,,,Bettina,Bettina,허모서
,,,贝拉,貝拉,Denver,Denver,유사한,,,,Betty,Betty,히어로
,,,柏莎,柏莎,Deon,Deon,유식한,,,,Bev,Bev,홀리스
,,,百丽儿,百麗兒,Derek,Derek,유용한,,,,Beverly,Beverly,휴버트
,,,贝丝,貝絲,Derick,Derick,유익한,,,,Bexley,Bexley,험프리
,,,贝芙,貝芙,Derrick,Derrick,유일한,,,,Beyonce,Beyonce,아이더
,,,布兰琪,布蘭琪,Deshawn,Deshawn,유치한,,,,Bianca,Bianca,인디라
,,,卡米拉,卡米拉,Desmond,Desmond,유쾌한,,,,Billie,Billie,이리나
,,,坎蒂丝,坎蒂絲,Devin,Devin,은은한,,,,Blair,Blair,이사벨
,,,卡拉,卡拉,Devon,Devon,음흉한,,,,Blaire,Blaire,이자벨
,,,卡萝,卡蘿,Dewayne,Dewayne,의아한,,,,Blake,Blake,아이비
,,,卡罗琳,卡羅琳,Dewey,Dewey,의젓한,,,,Blakely,Blakely,제이스
,,,凯瑟琳,凱瑟琳,Dewitt,Dewitt,이로운,,,,Blanche,Blanche,재클린
,,,凯丝,凱絲,Dexter,Dexter,이상한,,,,Blaze,Blaze,제이드
,,,夏洛特,夏洛特,Dick,Dick,익숙한,,,,Blessing,Blessing,제이미
,,,绮莉,綺莉,Diego,Diego,인자한,,,,Bliss,Bliss,제니트
,,,克洛怡,克洛怡,Dillon,Dillon,일정한,,,,Bloom,Bloom,재니스
,,,克莱儿,克萊兒,Dino,Dino,일하는,,,,Blossom,Blossom,재즈민
,,,克莱拉,克萊拉,Dion,Dion,자세한,,,,Blythe,Blythe,제스퍼
,,,卡洛儿,卡洛兒,Dirk,Dirk,자욱한,,,,Bobbi,Bobbi,제퍼슨
,,,黛西,黛西,Domenic,Domenic,잔인한,,,,Bobbie,Bobbie,제프리
,,,黛儿,黛兒,Domingo,Domingo,잘빠진,,,,Bobby,Bobby,제니퍼
,,,黛娜,黛娜,Dominic,Dominic,잘생긴,,,,Bonita,Bonita,제레미
,,,黛芙妮,黛芙妮,Dominick,Dominick,잠잠한,,,,Bonnie,Bonnie,제리코
,,,达莲娜,達蓮娜,Dominique,Dominique,적당한,,,,Bonquesha,Bonquesha,제시카
,,,潼恩,潼恩,Don.,Don.,적절한,,,,Braelyn,Braelyn,자슬린
,,,黛碧,黛碧,Donald,Donald,적합한,,,,Brandi,Brandi,조안나
,,,黑骑,黑騎,Dong,Dong,점잖은,,,,Brandy,Brandy,조나단
,,,旗木,旗木,Donn,Donn,정직한,,,,Braylee,Braylee,조르단
,,,漩涡,漩渦,Donnell,Donnell,정확한,,,,Brea,Brea,주디스
,,,孙,孫,Donnie,Donnie,조그만,,,,Breanna,Breanna,쥴리아
,,,专属,專屬,Donny,Donny,조용한,,,,Bree,Bree,쥴리엣
,,,非主流,非主流,Donovan,Donovan,죄송한,,,,Breeze,Breeze,져스틴
,,,完美,完美,Donte,Donte,주요한,,,,Brenda,Brenda,카레나
,,,经典,經典,Dorian,Dorian,줄기찬,,,,Brenna,Brenna,카리스
,,,巅峰,巔峰,Dorsey,Dorsey,중대한,,,,Bria,Bria,카시아
,,,回忆,回憶,Doug,Doug,중요한,,,,Briana,Briana,케이트
,,,独恋,獨戀,Douglas,Douglas,즐거운,,,,Brianna,Brianna,캐스린
,,,传说,傳說,Douglass,Douglass,즐비한,,,,Brianne,Brianne,케이티
,,,单身,單身,Doyle,Doyle,지겨운,,,,Briar,Briar,케일러
,,,恋,戀,Drew,Drew,지나친,,,,Bridget,Bridget,캐일리
,,,午夜,午夜,Duane,Duane,지루한,,,,Bridgette,Bridgette,케니스
,,,大和,大和,Dudley,Dudley,진귀한,,,,Bridie,Bridie,키아라
,,,哈利,哈利,Duncan,Duncan,진실한,,,,Brie,Brie,킴벌리
,,,演绎,演繹,Dustin,Dustin,진지한,,,,Briella,Briella,카일리
,,,纳兰,納蘭,Dusty,Dusty,집요한,,,,Brielle,Brielle,라키아
,,,自由,自由,Dwain,Dwain,짓궂은,,,,Brigid,Brigid,라미스
,,,浪漫,浪漫,Dwayne,Dwayne,짜릿한,,,,Brigitte,Brigitte,라비나
,,,守护,守護,Dwight,Dwight,찜찜한,,,,Briley,Briley,로렌스
,,,华丽,華麗,Dylan,Dylan,찡그린,,,,Brinley,Brinley,렐리아
,,,王者,王者,Earl,Earl,차가운,,,,Briony,Briony,레슬리
,,,龙之,龍之,Earle,Earle,차분한,,,,Brisa,Brisa,리디아
,,,左岸,左岸,Earnest,Earnest,찬란한,,,,Bristol,Bristol,릴리언
,,,阿尔,阿爾,Ed.,Ed.,창피한,,,,BritneyBritt,BritneyBritt,로이드
,,,挚爱,摯愛,Eddie,Eddie,처량한,,,,Brittany,Brittany,루시아
,,,天道,天道,Eddy,Eddy,철저한,,,,Brittney,Brittney,루시퍼
,,,红人,紅人,Edgar,Edgar,청소한,,,,Brodie,Brodie,루카스
,,,笑傲,笑傲,Edgardo,Edgardo,초조한,,,,Brogan,Brogan,메이블
,,,神圣,神聖,Edison,Edison,촉촉한,,,,Bronagh,Bronagh,매켄지
,,,大爱,大愛,Edmond,Edmond,촘촘한,,,,Bronte,Bronte,매들린
,,,温柔,溫柔,Edmund,Edmund,축축한,,,,Bronwen,Bronwen,매디슨
,,,灵魂,靈魂,Edmundo,Edmundo,충분한,,,,Bronwyn,Bronwyn,마돈나
,,,无情,無情,Eduardo,Eduardo,치사한,,,,Brook,Brook,맬리사
,,,潇洒,瀟灑,Edward,Edward,친근한,,,,Brooke,Brooke,메이미
,,,无忧,無憂,Edwardo,Edwardo,친밀한,,,,Brooklyn,Brooklyn,마리아
,,,繁华,繁華,Edwin,Edwin,친숙한,,,,Brooklynn,Brooklynn,매리사
,,,柔情,柔情,Efrain,Efrain,친절한,,,,Bryanna,Bryanna,마티나
,,,绝版,絕版,Efren,Efren,침착한,,,,Brylee,Brylee,메어리
,,,寂寞,寂寞,Elbert,Elbert,캄캄한,,,,Bryleigh,Bryleigh,마틸다
,,,幻想,幻想,Elden,Elden,커다란,,,,Bryn,Bryn,멜리나
,,,旋律,旋律,Eldon,Eldon,쾌활한,,,,Brynlee,Brynlee,멀리사
,,,优雅,優雅,Eldridge,Eldridge,타버린,,,,Brynn,Brynn,메리엘
,,,精彩,精彩,Eli,Eli,탁월한,,,,Bryony,Bryony,마이클
,,,辉煌,輝煌,Elias,Elias,태연한,,,,Bunny,Bunny,미쉘라
,,,荣耀,榮耀,Elijah,Elijah,탱탱한,,,,Bunty,Bunty,마이티
,,,梦之,夢之,Eliseo,Eliseo,턱없는,,,,Cadence,Cadence,미란다
,,,寻梦,尋夢,Elisha,Elisha,토실한,,,,Caila,Caila,미스티
,,,精英,精英,Elliot,Elliot,투명한,,,,Cailin,Cailin,모니카
,,,永恒,永恆,Elliott,Elliott,특별한,,,,Cailyn,Cailyn,모리스
,,,记忆,記憶,Ellis,Ellis,특이한,,,,Caitlan,Caitlan,나디아
,,,伤心,傷心,Ellsworth,Ellsworth,튼튼한,,,,Caitlin,Caitlin,나오미
,,,迷糊,迷糊,Elmer,Elmer,파릇한,,,,Caitlyn,Caitlyn,내틀리
,,,善良,善良,Elmo,Elmo,편리한,,,,Caleigh,Caleigh,나비드
,,,安,安,Eloy,Eloy,편안한,,,,Cali,Cali,니콜라
,,,比利,比利,Elroy,Elroy,평범한,,,,Calista,Calista,올리브
,,,琼斯,瓊斯,Elton,Elton,평탄한,,,,Callie,Callie,올리버
,,,卡尔,卡爾,Elvin,Elvin,포근한,,,,Calliope,Calliope,오스카
,,,查理,查理,Elvis,Elvis,폭넓은,,,,Callista,Callista,파블로
,,,嘉利,嘉利,Elwood,Elwood,푹신한,,,,Calypso,Calypso,페이지
,,,丘奇,丘奇,Emanuel,Emanuel,풍부한,,,,Cambree,Cambree,팔로마
,,,丹,丹,Emerson,Emerson,피곤한,,,,Cambria,Cambria,파멜라
,,,杜威,杜威,Emery,Emery,피로한,,,,Camden,Camden,팬도라
,,,迪克,迪克,Emil,Emil,필요한,,,,Camelia,Camelia,페트라
,,,道尔,道爾,Emile,Emile,한가한,,,,Cameron,Cameron,필리퍼
,,,盖伊,蓋伊,Emilio,Emilio,한산한,,,,Cami,Cami,피닉스
,,,娜,娜,Emmanuel,Emmanuel,한심한,,,,Camila,Camila,플루토
,,,休,休,Emmett,Emmett,한적한,,,,Camilla,Camilla,프리모
,,,伊凡,伊凡,Emmitt,Emmitt,해로운,,,,Camille,Camille,프린스
,,,阿博特,阿博特,Emory,Emory,행복한,,,,Campbell,Campbell,라비아
,,,阿贝,阿貝,Enoch,Enoch,허접한,,,,Camry,Camry,레이첼
,,,艾奇逊,艾奇遜,Enrique,Enrique,허탈한,,,,Camryn,Camryn,레이나
,,,阿克曼,阿克曼,Erasmo,Erasmo,험난한,,,,Candace,Candace,라니아
,,,亚当,亞當,Eric,Eric,험악한,,,,Candice,Candice,레베카
,,,亚当斯,亞當斯,Erich,Erich,헤엄친,,,,Candis,Candis,리처드
,,,艾迪生,艾迪生,Erick,Erick,현명한,,,,Candy,Candy,라일리
,,,阿狄森,阿狄森,Erik,Erik,호리한,,,,Caoimhe,Caoimhe,로버트
,,,艾狄生,艾狄生,Erin,Erin,혼미한,,,,Caprice,Caprice,롤란드
,,,阿德拉,阿德拉,Ernest,Ernest,화끈한,,,,Cara,Cara,로미오
,,,阿道夫,阿道夫,Ernesto,Ernesto,화려한,,,,Careen,Careen,루돌프
,,,艾伯特,艾伯特,Ernie,Ernie,화목한,,,,Carenza,Carenza,사만다
,,,亚历克,亞歷克,Errol,Errol,확실한,,,,Carin,Carin,사무엘
,,,艾丽丝,艾麗絲,Ervin,Ervin,활발한,,,,Carina,Carina,서바나
,,,阿丽丝,阿麗絲,Erwin,Erwin,훌륭한,,,,Caris,Caris,스칼렛
,,,阿利克,阿利克,Esteban,Esteban,흐르는,,,,Carissa,Carissa,스쿠프
,,,阿利,阿利,Ethan,Ethan,흐뭇한,,,,Carla,Carla,세레나
,,,安德森,安德森,Eugene,Eugene,흡사한,,,,Carlene,Carlene,샤이나
,,,安德鲁,安德魯,Eugenio,Eugenio,희망찬,,,,Carley,Carley,시에라
,,,安东尼,安東尼,Eusebio,Eusebio,희한한,,,,Carlie,Carlie,사이먼
,,,阿诺德,阿諾德,Evan,Evan,힘겨운,,,,Carlotta,Carlotta,스니퍼
,,,阿瑟,阿瑟,Everett,Everett,깐깐한,,,,Carly,Carly,솔로몬
,,,阿特利,阿特利,Everette,Everette,운동한,,,,Carlyn,Carlyn,소니아
,,,奥斯汀,奧斯汀,Ezekiel,Ezekiel,펼치는,,,,Carlynn,Carlynn,소피아
,,,白壁德,白壁德,Ezequiel,Ezequiel,반짝인,,,,Carmel,Carmel,스파키
,,,巴比,巴比,Ezra,Ezra,힘내는,,,,Carmela,Carmela,스푸키
,,,巴比特,巴比特,Fabian,Fabian,구르는,,,,Carmen,Carmen,스포티
,,,巴赫,巴赫,Faustino,Faustino,속삭인,,,,Carol,Carol,스텔라
,,,培根,培根,Fausto,Fausto,버려진,,,,Carole,Carole,스위티
,,,鲍德温,鮑德溫,Federico,Federico,열리는,,,,Carolina,Carolina,시드니
,,,巴纳德,巴納德,Felipe,Felipe,황홀한,,,,Caroline,Caroline,실비아
,,,巴尼,巴尼,Felix,Felix,일어선,,,,Carolyn,Carolyn,탈리아
,,,巴雷特,巴雷特,Felton,Felton,너무한,,,,Carrie,Carrie,타니아
,,,巴里,巴里,Ferdinand,Ferdinand,바삭한,,,,Carter,Carter,테일러
,,,巴特,巴特,Fermin,Fermin,화내는,,,,Carys,Carys,타머스
,,,巴顿,巴頓,Fernando,Fernando,서먹한,,,,Casey,Casey,트리샤
,,,拜耳,拜耳,Fidel,Fidel,흔들린,,,,Cass,Cass,트루디
,,,鲍尔,鮑爾,Filiberto,Filiberto,어여쁜,,,,Cassandra,Cassandra,타일러
,,,蒲福,蒲福,Fletcher,Fletcher,노련한,,,,Cassi,Cassi,바네사
,,,比尔德,比爾德,Florencio,Florencio,깜찍한,,,,Cassia,Cassia,벨리카
,,,博福特,博福特,Florentino,Florentino,밝히는,,,,Cassidy,Cassidy,베르디
,,,比彻,比徹,Floyd,Floyd,느끼한,,,,Cassie,Cassie,빈센트
,,,贝克,貝克,Forest,Forest,뛰노는,,,,Cassiopeia,Cassiopeia,월라스
,,,贝基,貝基,Forrest,Forrest,노력한,,,,Cat,Cat,윌리엄
,,,贝尔,貝爾,Foster,Foster,승리한,,,,Catalina,Catalina,윈스톤
,,,贝拉米,貝拉米,Frances,Frances,실패한,,,,Catarina,Catarina,젤리아
,,,贝洛克,貝洛克,Francesco,Francesco,멍청한,,,,Cate,Cate,제니아
,,,本,本,Francis,Francis,가늘은,,,,Catelyn,Catelyn,제플린
,,,本杰明,本傑明,Francisco,Francisco,치장한,,,,Caterina,Caterina,제우스
,,,贝内特,貝內特,Frank,Frank,검소한,,,,Cathalina,Cathalina,
,,,本森,本森,Frankie,Frankie,강조한,,,,Catherine,Catherine,
,,,本瑟姆,本瑟姆,Franklin,Franklin,건너간,,,,Cathleen,Cathleen,
,,,伯克利,伯克利,Franklyn,Franklyn,건설된,,,,Cathryn,Cathryn,
,,,边沁,邊沁,Fred.,Fred.,교환한,,,,Cathy,Cathy,
,,,贝克莱,貝克萊,Freddie,Freddie,귀국한,,,,Catlin,Catlin,
,,,伯纳尔,伯納爾,Freddy,Freddy,납득한,,,,Catrina,Catrina,
,,,伯纳德,伯納德,Frederic,Frederic,다듬은,,,,Catriona,Catriona,
,,,伯特,伯特,Frederick,Frederick,도망친,,,,Cayla,Cayla,
,,,伯莎,伯莎,Fredric,Fredric,등장한,,,,Cayleigh,Cayleigh,
,,,伯蒂,伯蒂,Fredrick,Fredrick,뒤집은,,,,CeannaCece,CeannaCece,
,,,伯特伦,伯特倫,Freeman,Freeman,모자란,,,,Cecelia,Cecelia,
,,,贝色麦,貝色麥,Fritz,Fritz,무너진,,,,Cecile,Cecile,
,,,贝西墨,貝西墨,Gabriel,Gabriel,무관한,,,,Cecilia,Cecilia,
,,,贝西,貝西,Gail.,Gail.,재빠른,,,,Cecily,Cecily,
,,,比顿,比頓,Gale,Gale,버거운,,,,Celeste,Celeste,
,,,白求恩,白求恩,Galen,Galen,발견된,,,,Celestia,Celestia,
,,,贝齐,貝齊,Garfield,Garfield,밤새운,,,,Celestine,Celestine,
,,,贝蒂,貝蒂,Garland,Garland,보존된,,,,Celia,Celia,
,,,比尔,比爾,Garret,Garret,부러진,,,,Celina,Celina,
,,,比勒尔,比勒爾,Garrett,Garrett,부서진,,,,Celine,Celine,
,,,布莱克,布萊克,Garry,Garry,실성한,,,,Celise,Celise,
,,,布卢默,布盧默,Garth,Garth,실수한,,,,Ceri,Ceri,
,,,布卢尔,布盧爾,Gary,Gary,연결된,,,,Cerise,Cerise,
,,,布劳,布勞,Gaston,Gaston,염려된,,,,Cerys,Cerys,
,,,布卢姆,布盧姆,Gavin,Gavin,일어난,,,,Chanel,Chanel,
,,,鲍勃,鮑勃,Gayle,Gayle,작아진,,,,Chanelle,Chanelle,
,,,博比,博比,Gaylord,Gaylord,제대한,,,,Chantal,Chantal,
,,,鲍恩,鮑恩,Genaro,Genaro,입대한,,,,Chantel,Chantel,
,,,波义耳,波義耳,Gene,Gene,탈주한,,,,Chantelle,Chantelle,
,,,鲍曼,鮑曼,Geoffrey,Geoffrey,입덕한,,,,Charis,Charis,
,,,波伊尔,波伊爾,George,George,탈덕한,,,,Charissa,Charissa,
,,,布雷,布雷,Gerald,Gerald,초대한,,,,Charity,Charity,
,,,布赖特,布賴特,Geraldo,Geraldo,타고난,,,,Charla,Charla,
,,,布罗德,布羅德,Gerard,Gerard,,,,,Charleigh,Charleigh,
,,,白朗蒂,白朗蒂,Gerardo,Gerardo,,,,,Charlene,Charlene,
,,,勃朗特,勃朗特,German,German,,,,,Charlette,Charlette,
,,,布鲁克,布魯克,Gerry,Gerry,,,,,Charley,Charley,
,,,布朗,布朗,Gil,Gil,,,,,Charlie,Charlie,
,,,布朗宁,布朗寧,Gilbert,Gilbert,,,,,Charlize,Charlize,
,,,勃朗宁,勃朗寧,Gilberto,Gilberto,,,,,Charlotte,Charlotte,
,,,布鲁斯,布魯斯,Gino,Gino,,,,,Charmaine,Charmaine,
,,,布鲁诺,布魯諾,Giovanni,Giovanni,,,,,Chastity,Chastity,
,,,布赖恩,布賴恩,Giuseppe,Giuseppe,,,,,Chelsea,Chelsea,
,,,布赖斯,布賴斯,Glen,Glen,,,,,Chelsey,Chelsey,
,,,巴克,巴克,Glenn,Glenn,,,,,Chenai,Chenai,
,,,巴克耳,巴克耳,Gonzalo,Gonzalo,,,,,Chenille,Chenille,
,,,布尔沃,布爾沃,Gordon,Gordon,,,,,Cher,Cher,
,,,布尼安,布尼安,Grady,Grady,,,,,Cheri,Cheri,
,,,伯克,伯克,Graham,Graham,,,,,Cherie,Cherie,
,,,伯恩,伯恩,Graig,Graig,,,,,Cherish,Cherish,
,,,伯恩斯,伯恩斯,Grant,Grant,,,,,Cherry,Cherry,
,,,彭斯,彭斯,Granville,Granville,,,,,Cheryl,Cheryl,
,,,巴特勒,巴特勒,Greg,Greg,,,,,Cheyanne,Cheyanne,
,,,勃特勒,勃特勒,Gregg,Gregg,,,,,Cheyenne,Cheyenne,
,,,拜伦,拜倫,Gregorio,Gregorio,,,,,Chiara,Chiara,
,,,卡拉米,卡拉米,Gregory,Gregory,,,,,Chloe,Chloe,
,,,坎普,坎普,Grover,Grover,,,,,Chole,Chole,
,,,凯雷,凱雷,Guadalupe,Guadalupe,,,,,Chris,Chris,
,,,凯里,凱里,Guillermo,Guillermo,,,,,Chrissy,Chrissy,
,,,卡莱尔,卡萊爾,Gus,Gus,,,,,Christa,Christa,
,,,卡门,卡門,Gustavo,Gustavo,,,,,Christabel,Christabel,
,,,卡内基,卡內基,Guy,Guy,,,,,Christal,Christal,
,,,卡彭特,卡彭特,Hai,Hai,,,,,Christelle,Christelle,
,,,卡丽,卡麗,Hal,Hal,,,,,Christen,Christen,
,,,卡罗尔,卡羅爾,Hank,Hank,,,,,Christi,Christi,
,,,卡特,卡特,Hans,Hans,,,,,Christiana,Christiana,
,,,查普林,查普林,Harlan,Harlan,,,,,Christiane,Christiane,
,,,查普曼,查普曼,Harland,Harland,,,,,Christie,Christie,
,,,查利,查利,Harley,Harley,,,,,Christina,Christina,
,,,夏洛蒂,夏洛蒂,Harold,Harold,,,,,Christine,Christine,
,,,查尔斯,查爾斯,Harris,Harris,,,,,Christy,Christy,
,,,乔叟,喬叟,Harrison,Harrison,,,,,Chrysanthemum,Chrysanthemum,
,,,蔡尔德,蔡爾德,Harry,Harry,,,,,Chrystal,Chrystal,
,,,丘吉尔,丘吉爾,Harvey,Harvey,,,,,ChyanneCia,ChyanneCia,
,,,锡西,錫西,Hassan,Hassan,,,,,Ciara,Ciara,
,,,克拉彭,克拉彭,Hayden,Hayden,,,,,Cicely,Cicely,
,,,克拉拉,克拉拉,Haywood,Haywood,,,,,Cici,Cici,
,,,克莱尔,克萊爾,Heath,Heath,,,,,Ciel,Ciel,
,,,克拉克,克拉克,Hector,Hector,,,,,Ciera,Ciera,
,,,科克尔,科克爾,Henry,Henry,,,,,Cierra,Cierra,
,,,科菲,科菲,Herb,Herb,,,,,Cilla,Cilla,
,,,柯林斯,柯林斯,Herbert,Herbert,,,,,Cindy,Cindy,
,,,康芒斯,康芒斯,Heriberto,Heriberto,,,,,Clair,Clair,
,,,科南,科南,Herman,Herman,,,,,Claire,Claire,
,,,康尼,康尼,Herschel,Herschel,,,,,Clara,Clara,
,,,康纳,康納,Hershel,Hershel,,,,,Clarabelle,Clarabelle,
,,,康拉德,康拉德,Hilario,Hilario,,,,,Clare,Clare,
,,,库克,庫克,Hilton,Hilton,,,,,Clarice,Clarice,
,,,库珀,庫珀,Hipolito,Hipolito,,,,,Claris,Claris,
,,,柯顿,柯頓,Hiram,Hiram,,,,,Clarissa,Clarissa,
,,,考珀,考珀,Hobert,Hobert,,,,,Clarisse,Clarisse,
,,,克雷吉,克雷吉,Hollis,Hollis,,,,,Clarity,Clarity,
,,,克兰,克蘭,Homer,Homer,,,,,Clary,Clary,
,,,克赖顿,克賴頓,Hong,Hong,,,,,Claudette,Claudette,
,,,克罗宁,克羅寧,Horace,Horace,,,,,Claudia,Claudia,
,,,克洛宁,克洛寧,Horacio,Horacio,,,,,Claudine,Claudine,
,,,坎伯兰,坎伯蘭,Hosea,Hosea,,,,,Clea,Clea,
,,,柯姆,柯姆,Houston,Houston,,,,,Clemence,Clemence,
,,,戴西,戴西,Howard,Howard,,,,,Clementine,Clementine,
,,,道尔顿,道爾頓,Hoyt,Hoyt,,,,,Cleo,Cleo,
,,,丹聂耳,丹聶耳,Hubert,Hubert,,,,,Cleopatra,Cleopatra,
,,,丹尼尔,丹尼爾,Huey,Huey,,,,,Clodagh,Clodagh,
,,,达尔文,達爾文,Hugh,Hugh,,,,,Cloe,Cloe,
,,,迪福,迪福,Hugo,Hugo,,,,,Clotilde,Clotilde,
,,,迪莉娅,迪莉婭,Humberto,Humberto,,,,,Clover,Clover,
,,,丹尼斯,丹尼斯,Hung,Hung,,,,,Coco,Coco,
,,,杜瓦,杜瓦,Hunter,Hunter,,,,,Coleen,Coleen,
,,,昆西,昆西,Hyman,Hyman,,,,,Colette,Colette,
,,,迪尤尔,迪尤爾,Ian,Ian,,,,,Colleen,Colleen,
,,,狄更斯,狄更斯,Ignacio,Ignacio,,,,,Connie,Connie,
,,,迪肯斯,迪肯斯,Ike,Ike,,,,,Constance,Constance,
,,,迪基,迪基,Ira,Ira,,,,,Cora,Cora,
,,,狄龙,狄龍,Irvin,Irvin,,,,,Coral,Coral,
,,,多宾,多賓,Irving,Irving,,,,,Coralie,Coralie,
,,,多德,多德,Irwin,Irwin,,,,,Coraline,Coraline,
,,,道尔蒂,道爾蒂,Isaac,Isaac,,,,,Cordelia,Cordelia,
,,,陶赫蒂,陶赫蒂,Isaiah,Isaiah,,,,,Corey,Corey,
,,,多利,多利,Isaias,Isaias,,,,,Cori,Cori,
,,,多恩,多恩,Isiah,Isiah,,,,,Corina,Corina,
,,,多拉,多拉,Isidro,Isidro,,,,,Corinne,Corinne,
,,,陶丽思,陶麗思,Ismael,Ismael,,,,,Cornelia,Cornelia,
,,,多丽丝,多麗絲,Israel,Israel,,,,,Corra,Corra,
,,,多萝西,多蘿西,Isreal,Isreal,,,,,Cortney,Cortney,
,,,多伊尔,多伊爾,Issac,Issac,,,,,Cosette,Cosette,
,,,德莱登,德萊登,Ivan,Ivan,,,,,Courtney,Courtney,
,,,德莱塞,德萊塞,Ivory,Ivory,,,,,Cressida,Cressida,
,,,屈莱顿,屈萊頓,Jacinto,Jacinto,,,,,Cristal,Cristal,
,,,杜勒斯,杜勒斯,Jack,Jack,,,,,Cristina,Cristina,
,,,邓巴,鄧巴,Jackie,Jackie,,,,,Crystal,Crystal,
,,,邓肯,鄧肯,Jackson,Jackson,,,,,Cyndi,Cyndi,
,,,邓洛普,鄧洛普,Jacob,Jacob,,,,,Cynthia,Cynthia,
,,,杜邦,杜邦,Jacques,Jacques,,,,,Cyra,Cyra,
,,,杜德,杜德,Jae,Jae,,,,,Dabria,Dabria,
,,,达特,達特,Jaime,Jaime,,,,,Dacey,Dacey,
,,,埃迪,埃迪,Jake,Jake,,,,,Dacia,Dacia,
,,,艾登,艾登,Jamaal,Jamaal,,,,,Daelyn,Daelyn,
,,,伊迪,伊迪,Jamal,Jamal,,,,,Dagmar,Dagmar,
,,,爱迪生,愛迪生,Jamar,Jamar,,,,,Dahlia,Dahlia,
,,,伊迪丝,伊迪絲,Jame,Jame,,,,,Daina,Daina,
,,,埃德蒙,埃德蒙,Jamel,Jamel,,,,,Daisy,Daisy,
,,,爱德华,愛德華,James,James,,,,,Dakota,Dakota,
,,,埃菲,埃菲,Jamey,Jamey,,,,,Dale,Dale,
,,,埃兰娜,埃蘭娜,Jamie,Jamie,,,,,Damaris,Damaris,
,,,埃利诺,埃利諾,Jamison,Jamison,,,,,Dana,Dana,
,,,爱略特,愛略特,Jan,Jan,,,,,Danae,Danae,
,,,艾略特,艾略特,Jared,Jared,,,,,Danette,Danette,
,,,埃拉,埃拉,Jarod,Jarod,,,,,Dani,Dani,
,,,埃伦,埃倫,Jarred,Jarred,,,,,Danica,Danica,
,,,艾利斯,艾利斯,Jarrett,Jarrett,,,,,Daniela,Daniela,
,,,埃尔西,埃爾西,Jarrod,Jarrod,,,,,Daniella,Daniella,
,,,埃墨森,埃墨森,Jarvis,Jarvis,,,,,Danielle,Danielle,
,,,埃米莉,埃米莉,Jason,Jason,,,,,Danika,Danika,
,,,艾米丽,艾米麗,Jasper,Jasper,,,,,Daphne,Daphne,
,,,埃玛,埃瑪,Javier,Javier,,,,,Dara,Dara,
,,,埃米,埃米,Jay,Jay,,,,,Darby,Darby,
,,,埃丝特,埃絲特,Jayson,Jayson,,,,,Darcey,Darcey,
,,,尤金,尤金,Jc,Jc,,,,,Darcie,Darcie,
,,,伊娃,伊娃,Jean,Jean,,,,,Darcy,Darcy,
,,,埃文,埃文,Jed,Jed,,,,,Daria,Daria,
,,,埃文思,埃文思,Jeff,Jeff,,,,,Darla,Darla,
,,,伊夫,伊夫,Jefferey,Jefferey,,,,,Darlene,Darlene,
,,,伊夫琳,伊夫琳,Jefferson,Jefferson,,,,,Dasia,Dasia,
,,,范妮,范妮,Jeffery,Jeffery,,,,,Davida,Davida,
,,,法拉第,法拉第,Jeffrey,Jeffrey,,,,,Davina,Davina,
,,,法斯特,法斯特,Jeffry,Jeffry,,,,,Dawn,Dawn,
,,,福克纳,福克納,Jerald,Jerald,,,,,Dayle,Dayle,
,,,费尔顿,費爾頓,Jeramy,Jeramy,,,,,Dayna,Dayna,
,,,福开森,福開森,Jere,Jere,,,,,Daysha,Daysha,
,,,弗格森,弗格森,Jeremiah,Jeremiah,,,,,Deana,Deana,
,,,菲尔德,菲爾德,Jeremy,Jeremy,,,,,Deandra,Deandra,
,,,菲尔丁,菲爾丁,Jermaine,Jermaine,,,,,Deann,Deann,
,,,芬恩,芬恩,Jerold,Jerold,,,,,Deanna,Deanna,
,,,弗劳尔,弗勞爾,Jerome,Jerome,,,,,Deanne,Deanne,
,,,弗林,弗林,Jeromy,Jeromy,,,,,Deb,Deb,
,,,弗琳,弗琳,Jerrell,Jerrell,,,,,Debbie,Debbie,
,,,福特,福特,Jerrod,Jerrod,,,,,Debby,Debby,
,,,福斯特,福斯特,Jerrold,Jerrold,,,,,Debora,Debora,
,,,福勒,福勒,Jerry,Jerry,,,,,Deborah,Deborah,
,,,福克斯,福克斯,Jessi,Jessi,,,,,Debra,Debra,
,,,弗兰克,弗蘭克,Jesse,Jesse,,,,,Dede,Dede,
,,,弗雷德,弗雷德,Jessie,Jessie,,,,,Dee,Dee,
,,,弗里曼,弗里曼,Jesus,Jesus,,,,,Deedee,Deedee,
,,,芬克,芬克,Jewel,Jewel,,,,,Deena,Deena,
,,,加拉赫,加拉赫,Jewell,Jewell,,,,,Deidre,Deidre,
,,,盖洛普,蓋洛普,Jim,Jim,,,,,Deirdre,Deirdre,
,,,加西亚,加西亞,Jimmie,Jimmie,,,,,Deja,Deja,
,,,加登,加登,Jimmy,Jimmy,,,,,Delana,Delana,
,,,加德纳,加德納,Joan.,Joan.,,,,,Delaney,Delaney,
,,,杰弗里,杰弗裡,Joaquin,Joaquin,,,,,Delanie,Delanie,
,,,乔迪,喬迪,Jody,Jody,,,,,Delany,Delany,
,,,乔治,喬治,Joe,Joe,,,,,Delia,Delia,
,,,吉本,吉本,Joel,Joel,,,,,Delilah,Delilah,
,,,吉布森,吉布森,Joesph,Joesph,,,,,Delina,Delina,
,,,詹理斯,詹理斯,Joey,Joey,,,,,Della,Della,
,,,贾尔斯,賈爾斯,John,John,,,,,Delores,Delores,
,,,吉尔,吉爾,Johnathan,Johnathan,,,,,Delphine,Delphine,
,,,季星,季星,Johnathon,Johnathon,,,,,Demeter,Demeter,
,,,戈德温,戈德溫,Johnie,Johnie,,,,,Demetria,Demetria,
,,,葛德文,葛德文,Johnnie,Johnnie,,,,,Demi,Demi,
,,,戈尔德,戈爾德,Johnny,Johnny,,,,,Dena,Dena,
,,,高尔德,高爾德,Johnson,Johnson,,,,,Denice,Denice,
,,,戈斯,戈斯,Jon,Jon,,,,,Denise,Denise,
,,,格雷斯,格雷斯,Jonah,Jonah,,,,,Denny,Denny,
,,,格雷西,格雷西,Jonas,Jonas,,,,,Derica,Derica,
,,,格兰汉,格蘭漢,Jonathan,Jonathan,,,,,Desiree,Desiree,
,,,格兰特,格蘭特,Jonathon,Jonathon,,,,,Dessa,Dessa,
,,,格林,格林,Jordan,Jordan,,,,,Destinee,Destinee,
,,,格雷,格雷,Jordon,Jordon,,,,,Destiny,Destiny,
,,,格罗特,格羅特,Jorge,Jorge,,,,,Diamond,Diamond,
,,,冈特,岡特,Jose,Jose,,,,,Diana,Diana,
,,,冈瑟,岡瑟,Josef,Josef,,,,,Diane,Diane,
,,,格斯,格斯,Joseph,Joseph,,,,,Dianna,Dianna,
,,,哈该,哈該,Josh,Josh,,,,,Dianne,Dianne,
,,,哈尔,哈爾,Joshua,Joshua,,,,,Didi,Didi,
